话题名,话题链接,发表时间,浏览数,回复数,
武道会123:2:45开始,http://ba2.win007.com/6851645/6851645.html,2018/5/15 23:33:38,86,0,
武道会123+++阿甲巴甲,http://ba2.win007.com/6846782/6846782.html,2018/5/14 22:50:52,53,0,
武道会1+芬超拉赫蒂绝杀收米再搞7点巴甲！,http://ba2.win007.com/6814440/6814440.html,2018/5/8 1:56:05,35,0,
［雪吧2］芬超拉赫蒂绝杀收大米！再干7:00巴甲！,http://ba2.win007.com/6814433/6814433.html,2018/5/8 1:53:19,14,0,
［雪吧1］23:30芬超,http://ba2.win007.com/6813800/6813800.html,2018/5/7 23:01:50,31,0,
武道会123:瑞超+墨联+NBA,http://ba2.win007.com/6793625/6793625.html,2018/5/3 23:47:13,33,1,
抗日英雄会123,http://ba2.win007.com/6767520/6767520.html,2018/4/28 12:38:05,36,3,
武道会123+++丹麦超+欧联杯+自由杯,http://ba2.win007.com/6760699/6760699.html,2018/4/26 23:10:50,48,1,
武道会123:18:00日联,http://ba2.win007.com/6754466/6754466.html,2018/4/25 16:15:28,170,1,
武道会2.3+++8:30自由杯,http://ba2.win007.com/6752813/6752813.html,2018/4/25 7:06:02,115,2,
武道会1+7:00NBA,http://ba2.win007.com/6752808/6752808.html,2018/4/25 7:02:50,104,1,
武道会45++++9:00哥伦甲,http://ba2.win007.com/6744434/6744434.html,2018/4/23 8:41:32,90,1,
武道会3:+++8:30NBA,http://ba2.win007.com/6744404/6744404.html,2018/4/23 8:23:24,67,0,
武道会2++15:00抗日英雄会参赛,http://ba2.win007.com/6740168/6740168.html,2018/4/22 13:48:43,28,1,
雪吧2++15:00抗日,http://ba2.win007.com/6740160/6740160.html,2018/4/22 13:46:59,24,0,
雪吧1+14:00抗日,http://ba2.win007.com/6740074/6740074.html,2018/4/22 13:29:31,25,1,
武道会1+14:00抗日英雄会参赛,http://ba2.win007.com/6740070/6740070.html,2018/4/22 13:28:33,22,0,
武道会123+++23:59开始，今日争取全红！,http://ba2.win007.com/6727229/6727229.html,2018/4/19 23:34:09,24,1,
武道会123:18:00三场日联杯,http://ba2.win007.com/6720863/6720863.html,2018/4/18 15:36:33,37,1,
武道会123+++0:30荷甲1:00瑞超2:45荷甲,http://ba2.win007.com/6718935/6718935.html,2018/4/18 0:22:47,63,1,
